{
  "companyInfo": {
    "name": "Travlr Getaways",
    "tagline": "Your Gateway to Paradise",
    "description": "Experience the ultimate beach resort destination with world-class amenities and unforgettable adventures."
  },
  "contactDetails": {
    "address": {
      "street": "123 Paradise Beach Drive",
      "city": "Coral Bay",
      "state": "Tropical Islands",
      "zipCode": "TB 12345",
      "country": "Paradise Islands"
    },
    "phone": {
      "main": "1-800-TRAVLR-1",
      "reservations": "1-800-TRAVLR-2",
      "emergency": "1-800-TRAVLR-911"
    },
    "fax": "1-800-TRAVLR-FAX",
    "email": {
      "general": "info@travlrgetaways.com",
      "reservations": "book@travlrgetaways.com",
      "support": "help@travlrgetaways.com"
    },
    "website": "www.travlrgetaways.com"
  },
  "businessHours": {
    "reception": {
      "weekdays": "24/7",
      "weekends": "24/7"
    },
    "reservations": {
      "weekdays": "8:00 AM - 10:00 PM",
      "weekends": "9:00 AM - 8:00 PM"
    },
    "activities": {
      "weekdays": "6:00 AM - 9:00 PM",
      "weekends": "6:00 AM - 10:00 PM"
    }
  },
  "socialMedia": {
    "facebook": "facebook.com/travlrgetaways",
    "instagram": "@travlrgetaways",
    "twitter": "@travlrgetaways",
    "youtube": "youtube.com/travlrgetaways"
  },
  "departments": [
    {
      "name": "Guest Services",
      "phone": "1-800-TRAVLR-1",
      "email": "guests@travlrgetaways.com",
      "description": "General inquiries and guest assistance"
    },
    {
      "name": "Reservations",
      "phone": "1-800-TRAVLR-2",
      "email": "book@travlrgetaways.com",
      "description": "Room bookings and travel packages"
    },
    {
      "name": "Activities & Tours",
      "phone": "1-800-TRAVLR-3",
      "email": "activities@travlrgetaways.com",
      "description": "Diving, tours, and recreational activities"
    },
    {
      "name": "Dining Reservations",
      "phone": "1-800-TRAVLR-4",
      "email": "dining@travlrgetaways.com",
      "description": "Restaurant reservations and special dietary requests"
    }
  ]
}
