[
  {
    "id": "first-class",
    "name": "First Class Room",
    "type": "Premium Suite",
    "rate": "220",
    "currency": "USD",
    "image": "first-class.jpg",
    "description": "Experience luxury at its finest with our First Class Room. Featuring premium amenities, ocean views, and personalized service that will make your stay unforgettable.",
    "amenities": ["Ocean View", "King Size Bed", "Private Balcony", "Mini Bar", "24/7 Room Service", "Premium Toiletries"],
    "capacity": "2 Adults",
    "size": "45 sqm",
    "availability": "Available"
  },
  {
    "id": "deluxe",
    "name": "Deluxe Room",
    "type": "Standard Plus",
    "rate": "150",
    "currency": "USD",
    "image": "deluxe.jpg",
    "description": "Our Deluxe Room offers comfort and style with modern amenities. Perfect for couples or business travelers seeking a relaxing retreat.",
    "amenities": ["Garden View", "Queen Size Bed", "Work Desk", "Coffee Maker", "Free WiFi", "Air Conditioning"],
    "capacity": "2 Adults",
    "size": "35 sqm",
    "availability": "Available"
  },
  {
    "id": "suite",
    "name": "Suite Room",
    "type": "Family Suite",
    "rate": "180",
    "currency": "USD",
    "image": "suite.jpg",
    "description": "Spacious Suite Room ideal for families or extended stays. Features separate living area and enhanced comfort for a home-away-from-home experience.",
    "amenities": ["Partial Ocean View", "Separate Living Area", "Sofa Bed", "Kitchenette", "Dining Table", "Family Entertainment"],
    "capacity": "4 Adults",
    "size": "55 sqm",
    "availability": "Limited"
  }
]
